<?xml version="1.0" encoding="UTF-8"?>
<cbinstall version="1.0" type="plugin" group="user">
	<name>AEC-Tab</name>
	<author>Jason DSouza</author>
	<creationDate>2009-11-25</creationDate>
	<copyright>(C) 2009 Joomla Bamboo</copyright>
	<license>http://www.gnu.org/copyleft/gpl.html GNU/GPL</license>
	<version>1.0</version>
	<description>Adds AEC content to CB tabs via ajax load</description>
	<files>
		<filename plugin="cb.aectab">cb.aectab.php</filename>
		<filename>index.html</filename>
	</files>

    <tabs>
		<tab name="Subscription" description="" class="getSubscriptionTab" fields="0" position="cb_tabmain" displaytype="tab">
			<params>
				
			</params>
		</tab>
		<tab name="Invoices" description="" class="getInvoicesTab" fields="0" position="cb_tabmain" displaytype="tab">
			<params>
				
			</params>
		</tab>
		<tab name="Tickets" description="" class="getTicketsTab" fields="0" position="cb_tabmain" displaytype="tab">
			<params>
				
			</params>
		</tab>			
	</tabs>
</cbinstall>